epoch,acc,loss,valacc,valloss
0,0.236055311611,1.90038434391,0.264666666826,1.80344974073
1,0.255398428586,1.81235935555,0.257000000636,1.81549611187
2,0.26092339802,1.79513344438,0.278000000238,1.74935498619
3,0.266351028324,1.77991244801,0.291333333572,1.75386441326
4,0.272557371711,1.76652620919,0.284333333333,1.7400437053
5,0.278421081341,1.75580012865,0.288333333333,1.73108796755
6,0.281991480901,1.74957186748,0.307666666508,1.7139183534
7,0.283907115122,1.74665477152,0.301666667302,1.71495252387
8,0.286862331342,1.741911572,0.307000000477,1.71349365362
9,0.288221185697,1.74052266816,0.330666666746,1.68367857679
10,0.29093500086,1.73824627971,0.333333333413,1.68330388323
11,0.292492427038,1.73623768912,0.331000000477,1.6864065539
12,0.293699432349,1.73356845038,0.333333333333,1.68377065976
13,0.294170553784,1.73233880097,0.330000000238,1.6780036513
14,0.295089435225,1.73043222707,0.322000000477,1.699734876
15,0.298161458407,1.7276677338,0.337000000477,1.66488121382
16,0.297986247946,1.72727700816,0.33733333381,1.66626642291
17,0.300992080518,1.72363899532,0.350333333572,1.65902556801
18,0.300921996338,1.72136975529,0.343333333572,1.6650509278
19,0.301716283702,1.72201888691,0.348666666905,1.65735445658
20,0.301786367872,1.7207164129,0.338666666746,1.65289481799
21,0.303511217395,1.71819847455,0.355000000318,1.64316680972
22,0.303421665375,1.71711385881,0.348333333572,1.64918988736
23,0.304994665848,1.71614307883,0.349333333651,1.65292061901
24,0.306341839532,1.7153398621,0.360000000477,1.63201910305
25,0.3068051738,1.71376076831,0.339333333969,1.66747955513
26,0.305944695819,1.71369833949,0.359000000079,1.63137857246
27,0.307618928998,1.71136161537,0.357000000318,1.63578167025
28,0.308347025726,1.71070573722,0.37033333381,1.60261653773
29,0.308090050407,1.71052234091,0.363000000079,1.62344431114
30,0.30893106057,1.70997633536,0.365,1.61500753085
31,0.310550783808,1.70813070678,0.375333333731,1.6081777331
32,0.310679271463,1.70645076336,0.35833333381,1.60987124888
33,0.312847987446,1.7057552479,0.373999999841,1.60549451351
34,0.313435915843,1.70348473977,0.369666666508,1.60088249715
35,0.313685104047,1.70258093696,0.369333333572,1.62043454615
36,0.31397712143,1.70041703297,0.366333333492,1.59713304901
37,0.315359337203,1.69901308943,0.370333333333,1.60114711634
38,0.314019950655,1.70106699693,0.385000000159,1.60347421265
39,0.316052391867,1.69919290351,0.374333333333,1.60887425741
40,0.315491718407,1.69901369045,0.378000000238,1.58863318062
41,0.316297686483,1.697964379,0.371666666508,1.60095762952
42,0.317925196838,1.69628042759,0.375000000795,1.59787652651
43,0.317777241377,1.69578154786,0.382333333969,1.58991897583
44,0.318563741602,1.69392366539,0.380000000636,1.59836908182
45,0.31929962547,1.69362384525,0.378666666826,1.59877129809
46,0.316932337645,1.69388578679,0.389333333651,1.58626019351
47,0.319560494378,1.69186693746,0.362666666985,1.61170699565
48,0.320736351124,1.69066424392,0.372666666508,1.5937479496
49,0.32231324518,1.68878652606,0.376666666587,1.58646976948
50,0.320171784141,1.69080549802,0.381666666508,1.57999532
51,0.321468341444,1.68823610459,0.384666666667,1.57579848544
52,0.322936215648,1.687307635,0.377,1.59439740817
53,0.321993972787,1.68821628364,0.388333333651,1.57023953851
54,0.323095851826,1.68753263054,0.391999999682,1.57328030841
55,0.3221730768,1.68642614586,0.372666666905,1.5813128802
56,0.323185403831,1.68813850934,0.387333333651,1.57279782708
57,0.323738290133,1.68409593662,0.378333333174,1.58095756753
58,0.323691567331,1.68551008165,0.386666666826,1.57290116501
59,0.325451458969,1.68302136309,0.384000000238,1.56951539771
60,0.326202917096,1.68370935191,0.382666666746,1.57617111333
61,0.325459246079,1.68186334865,0.391666666985,1.56499986172
62,0.325085463809,1.68359523756,0.375666666905,1.57193088277
63,0.325556585219,1.68191361304,0.39233333381,1.55638313166
64,0.325058208846,1.68256328757,0.394000000238,1.55996941535
65,0.32756177144,1.67963900869,0.373999999841,1.57259916306
66,0.32792387304,1.67797336461,0.400000000477,1.54975471242
67,0.328348271685,1.67899199941,0.381666667302,1.56911983109
68,0.327082862891,1.67908203447,0.381333333651,1.55953863684
69,0.327347625332,1.67840533772,0.392000000874,1.5596033713
70,0.32691154601,1.67953663684,0.39233333381,1.57347432105
71,0.32900628424,1.67571284264,0.389333333651,1.56333630308
72,0.327417709542,1.67821510787,0.394666667541,1.56342554792
73,0.328624714825,1.6769448498,0.387333334208,1.56122879855
74,0.328998497103,1.67432729629,0.387666667144,1.56621863556
75,0.328729841096,1.67523978487,0.380333333333,1.58422242101
76,0.329691551782,1.67458395801,0.396333333731,1.55556343969
77,0.330524774778,1.67299204888,0.391333333015,1.56250712395
78,0.331572143911,1.67202229762,0.390333333651,1.56120287514
79,0.331840799931,1.67256534543,0.393000000318,1.5548915418
80,0.330758388716,1.67191891227,0.391,1.56170564143
81,0.331626653822,1.6710498753,0.395333333651,1.54852424812
82,0.331611079568,1.67086933035,0.397999999682,1.55958565394
83,0.332308027772,1.6693340124,0.39833333381,1.55007643382
84,0.333191867148,1.66874840492,0.388333333413,1.56172175217
85,0.332650661539,1.66959827905,0.399666666667,1.5519203469
86,0.33237811197,1.66978138975,0.397000000238,1.54632692528
87,0.334453382378,1.66672242258,0.397,1.55659668922
88,0.333090634465,1.66771764789,0.398000000477,1.54965402603
89,0.33518926625,1.66589398392,0.400000000636,1.55003315735
90,0.334581870021,1.66613145194,0.39933333381,1.55135453161
91,0.334476743763,1.66502652237,0.404000000477,1.5341450812
92,0.334959545883,1.66630666025,0.392666667382,1.54353906186
93,0.334324894711,1.66500567083,0.393000000477,1.55972225444
94,0.33633008093,1.66302323349,0.400333333492,1.55354118824
95,0.335909575854,1.6641400066,0.397666667382,1.55534883499
96,0.334928397352,1.66515013351,0.398666666985,1.54095025953
97,0.335360583128,1.66363123543,0.398666667302,1.54818874423
98,0.335960192217,1.66354833987,0.397333333572,1.54755680974
99,0.337319046574,1.66169553258,0.405666666985,1.52695754782
100,0.33690632863,1.66177664224,0.405000000079,1.53421932952
101,0.337326833724,1.66071565659,0.407333333015,1.53070706876
102,0.337077645513,1.66085393264,0.410666666985,1.52621663793
103,0.3385805618,1.65973264123,0.414333333572,1.52100160027
104,0.3384676484,1.65912755293,0.407000000318,1.5318133351
105,0.33716330396,1.66013409732,0.408333334287,1.54030895233
106,0.337467002051,1.66074145321,0.409,1.52674487559
107,0.339293084293,1.65736634315,0.404666666985,1.52912930965
108,0.339974458231,1.65679862611,0.408000000159,1.52901652654
109,0.341820008275,1.65630139468,0.402333333492,1.5309378233
110,0.339324232801,1.6571279175,0.393333333492,1.53144888655
111,0.33967854728,1.65588277532,0.407333333651,1.52881361389
112,0.341555245844,1.65499924083,0.39833333381,1.53163544846
113,0.340453366804,1.65617644642,0.411666666826,1.52955326716
114,0.340356027667,1.65506216805,0.410333333651,1.52044550578
115,0.33945272046,1.65560770142,0.408333334208,1.5224463199
116,0.341387822522,1.65313006792,0.399333334049,1.54177682368
117,0.340157455856,1.65489648355,0.397333333651,1.52601692359
118,0.341076337298,1.65421459913,0.414666666826,1.51815859
119,0.341648691394,1.65253827986,0.401333334287,1.53277106158
120,0.34354096423,1.65266823756,0.405333333333,1.53775929642
121,0.341749924106,1.65257349068,0.406666666985,1.53589700127
122,0.341746030539,1.65438397382,0.403333333651,1.53298116461
123,0.342154854905,1.65339217453,0.402999999841,1.54398534012
124,0.341527990869,1.65298477004,0.398333334049,1.53644212723
125,0.34186673107,1.65113488047,0.412666667382,1.52706762886
126,0.343015332898,1.65041676674,0.408333333969,1.52847174644
127,0.343373540913,1.65057186501,0.410666666985,1.5207458121
128,0.342478020873,1.64981487575,0.414333333333,1.52604076068
129,0.342345639642,1.65109705698,0.403666666905,1.52687437566
130,0.34432357089,1.64828697418,0.401333333651,1.52847857984
131,0.343751216785,1.64883219401,0.411666666985,1.52280314064
132,0.34268437983,1.65063186828,0.40933333381,1.52112189134
133,0.344323570896,1.64845972424,0.412333334208,1.53183556747
134,0.343832981675,1.64917754168,0.412333333413,1.51490788555
135,0.34562402177,1.6477000346,0.407,1.5277620306
136,0.344257380295,1.64924255574,0.410000000954,1.52665393893
137,0.344814160155,1.64760218138,0.416666666985,1.52089174271
138,0.344284635227,1.64701384894,0.418000000477,1.52198472595
139,0.345437130645,1.64588638169,0.411666667382,1.53102616755
140,0.344950434957,1.64664791483,0.412666667144,1.52543021011
141,0.345448811321,1.64593035924,0.416000000715,1.51486645381
142,0.345896571373,1.64540712218,0.418333333969,1.51068488661
143,0.345156793917,1.64684163846,0.40933333381,1.52328772767
144,0.346402734871,1.64556813144,0.406333334287,1.5351250658
145,0.346994556823,1.643478386,0.412333333651,1.52620901616
146,0.345655170295,1.64440625028,0.409000000477,1.52478482755
147,0.346227524423,1.64502298422,0.414333333413,1.51412977282
148,0.345125645388,1.64440353022,0.401666666667,1.54153320154
149,0.347119150928,1.64312447555,0.415666666985,1.50500976086
150,0.346593519594,1.64280070545,0.411666666985,1.5287122275
151,0.347017918232,1.64355035737,0.416333333333,1.5236216774
152,0.347033492496,1.64225710835,0.418,1.51314302158
153,0.344728501714,1.64387069858,0.413333333492,1.51825973256
154,0.347563017394,1.6426988201,0.41666666762,1.51066079521
155,0.348594812226,1.64157528748,0.415666666826,1.51809895897
156,0.347901757623,1.64193355315,0.428666667302,1.49715818659
157,0.347570804527,1.6413653243,0.417333333492,1.50454083379
158,0.347613633775,1.6416408757,0.421000000715,1.5135774943
159,0.347932906128,1.64156475106,0.413666666667,1.51161897532
160,0.347804418465,1.64101961597,0.426000000477,1.50251902898
161,0.349015317323,1.64036047264,0.415333333015,1.52000276057
162,0.34802245811,1.63923289324,0.41666666762,1.50823630587
163,0.347858928361,1.63979716968,0.424666666667,1.513007267
164,0.348968594519,1.63900167165,0.421000000477,1.51115117963
165,0.348762235576,1.63973164591,0.421666666746,1.5130715313
166,0.349614926402,1.63895155582,0.414666666746,1.51145272255
167,0.350163919171,1.63779629118,0.413000000477,1.51199518172
168,0.350568849966,1.6368395677,0.40633333381,1.51905513191
169,0.349182740651,1.637706835,0.418333333333,1.51021051089
170,0.349416354556,1.63744552219,0.414000000715,1.50819345093
171,0.35234042224,1.634408859,0.406666666031,1.51580724525
172,0.350417000902,1.63826382179,0.429333332698,1.49599618149
173,0.351997788492,1.63555552047,0.423000000318,1.50817193
174,0.350327448897,1.63726836211,0.419333334287,1.50417459551
175,0.351199607549,1.63705365727,0.412000000318,1.50333806547
176,0.348513047383,1.63687822139,0.417000000636,1.51689239502
177,0.352036724137,1.63537919369,0.420333334049,1.50695132256
178,0.351176246164,1.63455333712,0.430333333015,1.49471107324
179,0.350257364735,1.63583333906,0.425333333333,1.50277504603
180,0.35246501635,1.63274521188,0.421000000954,1.49704851882
181,0.352246976664,1.63391739404,0.416333333015,1.50415362644
182,0.35315417744,1.63382415936,0.417666666349,1.49782411067
183,0.351756387432,1.63418595214,0.421666666667,1.50898392677
184,0.351429327912,1.63356866617,0.425000000715,1.49218869845
185,0.352157424694,1.63386011425,0.420333334128,1.49804678599
186,0.352344315841,1.63297365167,0.417333333333,1.50480948607
187,0.352784288724,1.63327848657,0.413333333969,1.50725833702
188,0.352523419818,1.6327807379,0.428999999682,1.48834499836
189,0.35227423163,1.63189844414,0.412333334049,1.51413460541
190,0.354279417872,1.63038484262,0.414000000715,1.50050339413
191,0.354240482203,1.63127311758,0.423,1.48606308365
192,0.354034123256,1.63093026951,0.423333334287,1.49642016951
193,0.35388227421,1.63045865867,0.415666667302,1.49788940144
194,0.355225554274,1.62995231118,0.419666666349,1.48924083773
195,0.354271630738,1.63131113866,0.414666667144,1.50116615995
196,0.354956898278,1.62885097371,0.417000000477,1.50131731955
197,0.353905635592,1.63003064866,0.420000000079,1.50106008593
198,0.353870593502,1.62967239978,0.426333333492,1.49002474785
199,0.353788828598,1.6290885554,0.426,1.48869633484
200,0.354575328848,1.62774417956,0.423000030816,1.48593509197
201,0.354269830922,1.62847903053,0.423666667461,1.48335629082
202,0.354368969869,1.6285884384,0.418666667302,1.48678877513
203,0.355396871178,1.6279255368,0.423,1.48321581205
204,0.355521465262,1.6273229514,0.427333333333,1.49415801462
205,0.354707710073,1.62886591595,0.423333334049,1.49450454458
206,0.356047096626,1.62672049818,0.41933333381,1.49875332705
207,0.355840737625,1.62759551429,0.428666667302,1.48199095853
208,0.355428019679,1.62712669989,0.433333333333,1.4808154405
209,0.35528006423,1.62602391219,0.419666666667,1.48697431151
210,0.35520219289,1.62635044897,0.425666666349,1.48876425648
211,0.357347547481,1.62530244274,0.420333334208,1.50315645154
212,0.356198945668,1.62546234112,0.424666667461,1.48844007619
213,0.355727824224,1.62741277909,0.421666666349,1.49234438992
214,0.356105500079,1.6263667324,0.428333333333,1.47792155647
215,0.356257349139,1.62430292712,0.430666667144,1.48770114835
216,0.355704462831,1.62569467402,0.428666667779,1.47841995303
217,0.356062670875,1.62501679418,0.430999999921,1.47482139842
218,0.356537685854,1.62342188243,0.425333334287,1.47872879664
219,0.35647538882,1.62508076302,0.432333333333,1.47891690922
220,0.35774469119,1.62393424743,0.425000000954,1.48579246585
221,0.356572727958,1.62398588357,0.42133333381,1.49072492186
222,0.357281356874,1.6228998145,0.42566666762,1.48834794426
223,0.356923148851,1.62290352753,0.422666666349,1.4889571317
224,0.357662926276,1.62315321154,0.429,1.48739284325
225,0.358947802877,1.62221144165,0.42466666762,1.49151339849
226,0.357160656326,1.62285750705,0.430333333015,1.4843850317
227,0.357172337043,1.62199892277,0.432333334287,1.48204237874
228,0.359017887096,1.62097109311,0.431999999682,1.48169794019
229,0.357904327338,1.62171411163,0.433666667144,1.47712353802
230,0.356849171099,1.62300179916,0.429666666349,1.48416966248
231,0.356775193358,1.62276386829,0.421666666349,1.48814576721
232,0.358344300265,1.62219946804,0.428999999682,1.4794570713
233,0.357635671333,1.62220810708,0.422333334287,1.49383156776
234,0.35800556006,1.62315723377,0.418666666667,1.50092938232
235,0.358282003198,1.62002624279,0.427666666349,1.49209378497
236,0.359196991091,1.620799253,0.430000000954,1.48821787326
237,0.359193097522,1.62011805942,0.435333333015,1.48316235669
238,0.358850463752,1.62138163677,0.426333334287,1.49351501147
239,0.358332619541,1.6200101559,0.426333334128,1.47977146753
240,0.358741443935,1.61906960654,0.430666667302,1.47723732567
241,0.358620743394,1.61953941023,0.429333333969,1.48451531855
242,0.359991278449,1.61890701947,0.426000000795,1.48504210218
243,0.359407243623,1.61844306891,0.429000000954,1.49252258873
244,0.360111979,1.61830267414,0.431666667302,1.47568666999
245,0.360789459386,1.61758341054,0.431666667382,1.47168385251
246,0.360446825602,1.61827397836,0.433333332698,1.48443622843
247,0.359975704168,1.61794305076,0.431,1.47875626628
248,0.361023073286,1.61703843318,0.432666666349,1.48224387868
249,0.359228139622,1.61809213556,0.421000000636,1.4883152256
250,0.360684333089,1.61687170195,0.441000000954,1.46624879773
251,0.360030214106,1.61855083278,0.432666667302,1.47812439855
252,0.360076936901,1.61812062518,0.434333333492,1.4794715999
253,0.36153313038,1.61628958068,0.43366666762,1.47480609703
254,0.362019826093,1.61666838591,0.429000000954,1.49041577752
255,0.359539624838,1.61802000377,0.438999999364,1.484874259
256,0.362911452551,1.61578137294,0.426333333492,1.48073139954
257,0.3613267714,1.61554561263,0.437000000795,1.48247606659
258,0.360660971754,1.61587023437,0.435000000318,1.47684710821
259,0.360773885115,1.6162089787,0.435666666826,1.4694928964
260,0.362062655311,1.61426778386,0.429000000477,1.47575964451
261,0.363168427892,1.61368214521,0.429333333969,1.47348941771
262,0.361295622889,1.61528232877,0.431333333969,1.47748513635
263,0.361093157464,1.61210613117,0.42766666762,1.480958896
264,0.362226185031,1.61402518726,0.435000000477,1.47732721965
265,0.361498088306,1.61652977961,0.424666667144,1.47959001509
266,0.361953635459,1.61532765687,0.438000000636,1.48270113659
267,0.363028259546,1.61392752281,0.434666666826,1.47590177886
268,0.364137925693,1.6119675393,0.436000000795,1.46868962892
269,0.362930920406,1.61236181923,0.438000000954,1.47069606558
270,0.36316842788,1.61198138034,0.432333334287,1.47120797125
271,0.362117165212,1.61330996273,0.43066666762,1.48156890551
272,0.362459798974,1.61325236398,0.428333333015,1.47628924719
273,0.361556491779,1.61177100635,0.425333333333,1.47711720149
274,0.362300162785,1.61276767005,0.428666667302,1.47891971747
275,0.362342991987,1.61308094676,0.430000000477,1.47285809263
276,0.362397501912,1.61141905458,0.432666667302,1.47126401806
277,0.363900418196,1.61303345098,0.434666666031,1.47231873194
278,0.362930920405,1.6106645,0.435666666667,1.47096422545
279,0.363900418213,1.6102811409,0.433333333969,1.46166770299
280,0.363557784461,1.6117846985,0.437666666667,1.4657944711
281,0.364550643638,1.61165951138,0.438666667144,1.47298639679
282,0.365111317092,1.61014976108,0.435333334287,1.4630621767
283,0.363238512081,1.61176292135,0.437000000954,1.45942692566
284,0.363265767048,1.61054479592,0.430333334287,1.46553777631
285,0.363947140979,1.61081142606,0.441,1.45797662004
286,0.365399440924,1.6089109744,0.437000001113,1.47321696472
287,0.363355319033,1.61214119682,0.430666666349,1.47632564672
288,0.365119104214,1.60782626253,0.43166666762,1.4659237833
289,0.364106777196,1.60994985483,0.430333333492,1.46906980133
290,0.363308596259,1.60916839338,0.433000000318,1.46631402111
291,0.36285304907,1.61022321467,0.426333333015,1.4701954902
292,0.364371539618,1.60972176513,0.433000000715,1.46776383591
293,0.362938707527,1.61115132154,0.438333333969,1.45684398969
294,0.365675884088,1.60932399327,0.434666667144,1.46606391207
295,0.365893923756,1.60878426957,0.437333333651,1.46951192856
296,0.365165827002,1.60873581495,0.43433333381,1.49533684572
297,0.365037339339,1.60903722551,0.439666667144,1.45856025251
298,0.366178154016,1.60654086777,0.433,1.47290263208
299,0.36576932965,1.6080419596,0.428000000954,1.47984717433
300,0.365683671192,1.60741957785,0.434666666985,1.46091832225
301,0.365481205787,1.60915867528,0.43666666762,1.46094598039
302,0.365302101783,1.60806325359,0.434333333015,1.46547826544
303,0.366217089655,1.60677414204,0.438999999364,1.46191638819
304,0.365189188391,1.60737984307,0.438,1.47311057345
305,0.365099636363,1.60845754447,0.434666666826,1.46451062552
306,0.365847200969,1.60700450696,0.443000000954,1.46463613828
307,0.366738827447,1.60709719474,0.44,1.46689274947
308,0.36563305486,1.60667914699,0.434333334287,1.46566768265
309,0.367225523144,1.60565459614,0.437666667302,1.46596084372
310,0.366119750537,1.60654810519,0.433666666667,1.47199858475
311,0.36504512646,1.60634276323,0.439666666985,1.46193571218
312,0.366746614577,1.60616364542,0.434000000954,1.46595508957
313,0.365940646564,1.60631137941,0.436333334287,1.46167730395
314,0.366929612148,1.60456832858,0.437666666349,1.46200700887
315,0.366937399306,1.60519836383,0.437000000318,1.4669098409
316,0.367657708913,1.60436567764,0.435666666349,1.46406316757
317,0.365181401249,1.60567721151,0.438,1.46612080256
318,0.366244344646,1.60451499226,0.439333334287,1.45332924525
319,0.366049666365,1.60446382007,0.441999999682,1.46390124067
320,0.367167119683,1.60452806232,0.436333334128,1.45943728511
321,0.368078213976,1.60272222608,0.43766666762,1.47194928201
322,0.366871208664,1.60436728491,0.440000000795,1.45491856416
323,0.366388406546,1.60479043574,0.443000000159,1.45628955428
324,0.367969194145,1.60437717859,0.439000000874,1.46800178146
325,0.367610986141,1.60324382996,0.443000000954,1.45398822848
326,0.366707678908,1.60434598012,0.44733333381,1.45274935214
327,0.367260565233,1.60279058888,0.443999999682,1.45825237942
328,0.366886782948,1.60414764628,0.441000000477,1.46252152952
329,0.367194374604,1.60185314589,0.452000000795,1.44818443934
330,0.366629807625,1.60366980356,0.447666667302,1.45645518176
331,0.367466924199,1.60383045004,0.438999999682,1.4646648372
332,0.367614879674,1.60212241904,0.435333333015,1.46551687813
333,0.366252131762,1.6035465105,0.438333333969,1.45968532244
334,0.36783291937,1.60306271621,0.438000000954,1.46841749763
335,0.368171659532,1.60197218111,0.437666667461,1.45546766345
336,0.367260565238,1.60325781889,0.439333334287,1.45791649373
337,0.36827678582,1.60295879253,0.440333333969,1.46757547506
338,0.368124936806,1.60248402648,0.441,1.46328441429
339,0.368101575366,1.60243557097,0.432999999682,1.45766050911
340,0.368969840476,1.59997645468,0.44866666762,1.45338424301
341,0.369308580716,1.60074052498,0.441666667541,1.45944751803
342,0.368397486347,1.60101209567,0.439000000636,1.45931047757
343,0.368510399736,1.60197949279,0.442666667302,1.45978047053
344,0.369067179616,1.6005493933,0.439000000636,1.45441152191
345,0.368884182045,1.6007642734,0.436333333015,1.4644774367
346,0.369951018977,1.59940884192,0.437,1.45404242516
347,0.368541548288,1.59970516098,0.441333334287,1.45049364853
348,0.369421494064,1.59963228602,0.44266666762,1.45743141238
349,0.368327402169,1.600903189,0.439999999682,1.45292284648
350,0.369355303471,1.60006031641,0.439666667382,1.4495740242
351,0.368954266224,1.60072799674,0.440666667779,1.45971404266
352,0.36861941959,1.60063151356,0.437666666667,1.45179723549
353,0.371158024295,1.59752530415,0.443000000477,1.45852136262
354,0.371224214893,1.59783266724,0.448999999682,1.45015707111
355,0.3690438182,1.59930791485,0.435,1.45394546191
356,0.369604491673,1.59861578459,0.443666666349,1.45236393738
357,0.369522726794,1.59778277385,0.454333333969,1.44931374868
358,0.370352056225,1.59658070398,0.440666667461,1.46447148259
359,0.371165811427,1.59781193418,0.448000000954,1.45589160252
360,0.370118442328,1.5977760504,0.445666666349,1.45154122416
361,0.369752447143,1.59949662723,0.448666666667,1.44843432872
362,0.369647320865,1.59784048219,0.445333333333,1.45983516693
363,0.369211241556,1.59887562331,0.446333334208,1.45356260173
364,0.371341021863,1.59532112817,0.447666667382,1.44676307615
365,0.369530513912,1.59913047932,0.438333333015,1.45337031587
366,0.370371524063,1.59733890399,0.450333334287,1.44460543442
367,0.370893261826,1.59578456495,0.442333334287,1.44551931318
368,0.369822531331,1.59779485673,0.438000000477,1.45208083407
369,0.370102868022,1.59689284089,0.44766666762,1.45750443649
370,0.370803709852,1.59664942845,0.442666666349,1.45848281797
371,0.370998388116,1.59647878874,0.445333333651,1.45130982463
372,0.370028890311,1.59823610411,0.445333334287,1.45312358475
373,0.370383204743,1.59573627204,0.447,1.45355373033
374,0.370278078495,1.59555074098,0.439333333015,1.45711072667
375,0.371045110906,1.59494234372,0.449333333969,1.44814350955
376,0.370780348433,1.59890142326,0.441666666667,1.45764443588
377,0.370772561307,1.59467353131,0.444666666667,1.44520983346
378,0.371052898035,1.5960670144,0.450333333492,1.44948439916
379,0.371235895624,1.595070506,0.439666666349,1.45599959946
380,0.370846539024,1.59680702018,0.45266666762,1.44870830282
381,0.370496118146,1.5959601676,0.43966666762,1.44500647036
382,0.371290405511,1.59427325035,0.448666666349,1.44576630465
383,0.373097019907,1.59342673187,0.447666666667,1.44428273837
384,0.370893261846,1.59623790036,0.453666666667,1.44457992204
385,0.37074919991,1.5956389981,0.44233333381,1.44755122439
386,0.371512338749,1.59700196624,0.442333333333,1.45108266767
387,0.370994494544,1.59454821649,0.441333333969,1.45216011937
388,0.371773207633,1.59449676141,0.429666667382,1.48282207235
389,0.373295591741,1.59234960809,0.441000000318,1.44861279265
390,0.371379957529,1.59450555715,0.441,1.4458087333
391,0.37141110605,1.59403742984,0.451333334287,1.44040513357
392,0.371508445188,1.59438861222,0.436666666667,1.46437623088
393,0.372649259875,1.59311546602,0.446666666349,1.45003923416
394,0.371383851093,1.5929712926,0.449000000954,1.45623155244
395,0.372205393421,1.59338780011,0.445666666667,1.45323029296
396,0.372660940574,1.59303477259,0.442000000636,1.45917867343
397,0.371660294231,1.59366788913,0.441666666667,1.45780076154
398,0.372598643506,1.59338003229,0.444000000715,1.45340703615
399,0.371901695306,1.59317464185,0.449000000159,1.45632769934
400,0.372361136032,1.59203307705,0.446666666826,1.44694635201
401,0.37309701989,1.59306863124,0.451333364844,1.44969097376
402,0.372882213751,1.59282968258,0.444333334287,1.45441106606
403,0.371508445183,1.59220457311,0.442666667144,1.46053331502
404,0.3720691186,1.5927012979,0.43966666762,1.45225748539
405,0.374588255485,1.59094863942,0.447666667144,1.44670698357
406,0.373315059546,1.59157756409,0.438333334049,1.4484562041
407,0.37381343595,1.59067400574,0.44066666762,1.46167047564
408,0.371422786749,1.59296677722,0.448333333492,1.44595548566
409,0.372509091517,1.59155601321,0.441333333015,1.44852867381
410,0.373151529806,1.59053527515,0.451000000954,1.44998871962
411,0.372723237619,1.59281794766,0.441000000477,1.45071766949
412,0.373385143776,1.59105372569,0.449999999682,1.44942166138
413,0.372649259859,1.59198003253,0.446333333969,1.44825676791
414,0.373482482873,1.59206787044,0.449333333969,1.44360434214
415,0.375468201295,1.58932559943,0.439333333333,1.4485654122
416,0.374004220641,1.59108459706,0.44466666762,1.45281414
417,0.372606430668,1.59189821744,0.44066666762,1.46121390851
418,0.372793321803,1.5920722495,0.441666667302,1.44913125579
419,0.373548673487,1.59154426214,0.451666667461,1.4417533083
420,0.374872485763,1.58927567228,0.444666667461,1.44214255015
421,0.372980212946,1.58995680851,0.445333333333,1.44135459487
422,0.37360707697,1.59075382861,0.450000000715,1.45250378672
423,0.374666126794,1.59027654463,0.45266666762,1.44312625122
424,0.373852371622,1.58872073442,0.446,1.44970168559
425,0.374903634275,1.58939339118,0.453333333333,1.4417396183
426,0.374226153883,1.588150711,0.454333333333,1.4402344195
427,0.374035369182,1.58979746508,0.453333334446,1.44042318439
428,0.374191111815,1.58941274963,0.452000000795,1.44330851173
429,0.375351394309,1.58897216674,0.462000000636,1.42753505007
430,0.373700522541,1.58930576547,0.453666666508,1.43885925007
431,0.374070411264,1.58946589871,0.447000000636,1.45067315483
432,0.374451980698,1.58811608249,0.457000000636,1.44734992377
433,0.375289097269,1.58841867717,0.454666667144,1.4456875356
434,0.37495425066,1.58939650342,0.44933333381,1.44555215295
435,0.375935429154,1.58581255225,0.458333333333,1.4437233483
436,0.375736857321,1.58579581853,0.450333334128,1.44211805439
437,0.375020441241,1.58700506562,0.44666666762,1.44171062342
438,0.374350747987,1.58827346174,0.445999999682,1.43856547133
439,0.374541532709,1.58799052589,0.451666667144,1.44126295408
440,0.375522711214,1.58843939657,0.453,1.44462309519
441,0.374989292733,1.58717241448,0.451666667144,1.4341730636
442,0.375627837483,1.58819650761,0.45666666762,1.43961037445
443,0.374175537539,1.58889155458,0.446000000954,1.44180678399
444,0.375900387066,1.5873471457,0.452000000954,1.43797064432
445,0.375919854892,1.58571388995,0.45333333381,1.44297756831
446,0.376383189169,1.58546655791,0.454666666667,1.44392203395
447,0.373412398709,1.59035763159,0.441666666985,1.4526335446
448,0.376464954035,1.58647037734,0.452999999682,1.44432888667
449,0.376815374965,1.58573847364,0.455000000636,1.45483760134
450,0.376379295604,1.58660703744,0.444000000715,1.46118221442
451,0.37617293665,1.58627106477,0.450666666349,1.44533881028
452,0.375421478528,1.58777164525,0.45233333381,1.44910356871
453,0.37599383262,1.58554208312,0.448333333969,1.44507269478
454,0.375923748459,1.58720813007,0.445,1.44659814199
455,0.375526604785,1.58629000594,0.444333333969,1.45272541682
456,0.376507783251,1.5851125263,0.447666667302,1.45647139104
457,0.376422124844,1.58436173363,0.450000000477,1.44471513462
458,0.376834842774,1.58583206319,0.44833333381,1.45539317576
459,0.376721929386,1.58495942073,0.458,1.43755607891
460,0.37632089215,1.58485926846,0.448666667144,1.45942791621
461,0.376250807939,1.58592204836,0.456000000159,1.44581590398
462,0.375810835061,1.58595462124,0.45733333381,1.43456467597
463,0.376885459109,1.58396374196,0.449000000477,1.44218284607
464,0.377130753759,1.58431442833,0.442333333333,1.45030379423
465,0.377555152414,1.58433767293,0.457000000795,1.44441664886
466,0.376328679273,1.58467357657,0.449000000954,1.44815913232
467,0.378041848064,1.58432925821,0.443666666985,1.43573583221
468,0.376464954057,1.58459583883,0.448000000954,1.43604655202
469,0.377477281077,1.58330624784,0.451333334128,1.43926425552
470,0.37678811997,1.58526021396,0.451999999682,1.43586094856
471,0.377134647326,1.58290743202,0.454000000636,1.43470644951
472,0.3763247857,1.58511827657,0.450333333651,1.43945604197
473,0.37837669472,1.58261791302,0.451333333969,1.42704845937
474,0.375869238546,1.58503989883,0.449,1.43294288508
475,0.377707001446,1.58331021589,0.456000000795,1.42694573816
476,0.379280001915,1.58357107843,0.447666666349,1.43997532113
477,0.376063916783,1.5851762503,0.452000000715,1.44474763552
478,0.377368261247,1.58303526767,0.450666666667,1.44422628784
479,0.378189803564,1.58221548939,0.448000000159,1.44061901983
480,0.377695320739,1.58103976582,0.443666666349,1.44810566012
481,0.378559692299,1.58219966033,0.447666666667,1.45036454709
482,0.378294929855,1.5829206735,0.45066666762,1.43749325244
483,0.376647951619,1.58335435087,0.45066666762,1.43994184748
484,0.377710894997,1.5821168956,0.452333333015,1.42970926857
485,0.378034060955,1.58222719105,0.444999999682,1.43540865326
486,0.378119719397,1.58196951345,0.455333334287,1.43407727941
487,0.379509722279,1.57974454202,0.448000000159,1.44817610423
488,0.378594734398,1.58039646142,0.452666667144,1.44404186916
489,0.378143080768,1.58173622992,0.45766666762,1.43348454348
490,0.377333219164,1.58252556827,0.454666666508,1.43397501437
491,0.379112578596,1.57967410067,0.450333334287,1.43630669022
492,0.378423417483,1.58161816839,0.452000000159,1.45296499443
493,0.378104145122,1.58164755568,0.451999999364,1.44636566385
494,0.377893892575,1.58200515645,0.458000000318,1.4334040966
495,0.378828348306,1.58138578469,0.450000000159,1.43524450366
496,0.379548657917,1.58076144161,0.459333333492,1.43228534349
497,0.378610308636,1.58076809928,0.445333333651,1.44532406553
498,0.378415630352,1.58044297524,0.455,1.43590330378
499,0.379342298943,1.58125623635,0.455666667302,1.4384347585
500,0.379318937552,1.58046192291,0.445333334287,1.45478902753
501,0.378372801152,1.58238769853,0.455333333651,1.43407194392
502,0.380374093807,1.57876990188,0.449000000954,1.4391546828
503,0.379556445054,1.58066225865,0.45166666762,1.43717902501
504,0.378477927412,1.58049663487,0.455333333651,1.43863457044
505,0.380191096228,1.57907781423,0.463666666667,1.43823138428
506,0.379988630825,1.58019212942,0.454333333015,1.43738758818
507,0.377391622649,1.58064059335,0.448666667144,1.43581406275
508,0.379607061404,1.57860954193,0.453333333969,1.43151522001
509,0.379373447483,1.58065461496,0.450666667302,1.43769212468
510,0.379856249605,1.578401971,0.459333333015,1.43454771868
511,0.379163194935,1.58014076602,0.454333333015,1.43035641098
512,0.378407843233,1.58082795858,0.451333334287,1.44110747178
513,0.378384481838,1.5791880463,0.450000000795,1.43325486692
514,0.379026920138,1.58062785826,0.45166666762,1.4368756307
515,0.379291682619,1.5796996338,0.454999999682,1.43322943179
516,0.380144373473,1.579135807,0.448333334287,1.43956356112
517,0.379984737286,1.57910709838,0.452333333333,1.44207555199
518,0.379852356029,1.57750152219,0.457333334287,1.4329742101
519,0.378762157705,1.57967051041,0.455666666826,1.44077837086
520,0.379416276704,1.57952625457,0.458333334287,1.4276648798
521,0.38067389834,1.57742644248,0.451000000318,1.44318809319
522,0.378162548607,1.57940375479,0.457666666667,1.42750892067
523,0.380109331372,1.57845576097,0.455000000477,1.43712183603
524,0.379357873212,1.57767048136,0.453000000636,1.44206678994
525,0.381542163473,1.57655950692,0.457333333015,1.43297090467
526,0.380272861123,1.57569230188,0.450333334128,1.43230370967
527,0.379272214783,1.57859585199,0.454333334287,1.42713329252
528,0.380537623567,1.57697306588,0.453000000954,1.42369346809
529,0.380747876112,1.5773860627,0.454000000795,1.43337128099
530,0.37950972228,1.57644533619,0.44833333381,1.43653882726
531,0.378894538919,1.57774884867,0.45166666762,1.43112841352
532,0.381328017356,1.57801213841,0.448666666349,1.43894949913
533,0.380837428084,1.57771736651,0.453000000715,1.44084410699
534,0.37984456894,1.57595970235,0.45533333381,1.42879894193
535,0.381082722726,1.57812144632,0.45066666762,1.43568279521
536,0.379560338639,1.57746735226,0.462333332698,1.42368604851
537,0.380619388443,1.57660590412,0.467666667144,1.42461079915
538,0.380903618751,1.57631076543,0.457000000477,1.43677184073
539,0.380525942855,1.57647455066,0.453666667144,1.43529631233
540,0.380420816591,1.57795105955,0.450333333969,1.43419451809
541,0.379875717418,1.57743475274,0.453666667302,1.43291457907
542,0.382620681095,1.5746851878,0.450333334287,1.44842020575
543,0.381074935605,1.57616619766,0.462000000159,1.43142311446
544,0.380537623557,1.57512181967,0.450666667302,1.43834406503
545,0.381148913348,1.57598852099,0.448,1.43926050695
546,0.381195636147,1.57624356466,0.457666667461,1.44161687787
547,0.37971608126,1.57553882735,0.455666666667,1.4344309845
548,0.381542163462,1.57655924868,0.45666666762,1.43407680607
549,0.38319692878,1.57370497526,0.451666666985,1.43522069105
550,0.380611601327,1.57566254581,0.447666666667,1.43952671115
551,0.380821853856,1.57700871423,0.450666667461,1.43456229528
552,0.380798492448,1.57771393984,0.45366666762,1.43341049321
553,0.381106084125,1.57600836272,0.461333333333,1.42024011485
554,0.381141126199,1.57484514441,0.457000000477,1.42410924784
555,0.380919192998,1.57472216721,0.465333333015,1.4257361145
556,0.383138525308,1.57487355759,0.459000000954,1.42210819689
557,0.381853648707,1.57368949861,0.460666667461,1.43100613499
558,0.381008744978,1.57617563881,0.461333334128,1.42167123286
559,0.380634962702,1.5755426682,0.460333333651,1.42157407316
560,0.380487007194,1.57340370171,0.450000001113,1.43134592787
561,0.381935413565,1.57425732335,0.457333333492,1.42729171626
562,0.381172274753,1.57381894332,0.457333334128,1.43153070958
563,0.382313089404,1.57433389026,0.460999999364,1.42254156367
564,0.38172516105,1.5754700779,0.45466666762,1.44343659019
565,0.380876363777,1.57357242399,0.454333333015,1.43483991241
566,0.380814066687,1.57414965397,0.458333333969,1.4283761692
567,0.380891938027,1.57427550828,0.458,1.4251038777
568,0.381511014943,1.57508980931,0.45866666762,1.43023512491
569,0.382278047345,1.57276171963,0.463666667461,1.41974922307
570,0.383270906532,1.57221256197,0.45833333381,1.43817620277
571,0.382176814638,1.5743296405,0.451000000159,1.4235383304
572,0.383041186163,1.57355024148,0.464,1.42206829898
573,0.382488299868,1.5726217339,0.459999999682,1.42204948362
574,0.381690118936,1.57321507413,0.45866666762,1.42738448175
575,0.380938660803,1.57443402128,0.454000000795,1.43497611872
576,0.380436390857,1.57599463887,0.454333334128,1.42638897832
577,0.381725161028,1.57409764807,0.466000000715,1.42006773663
578,0.382320876596,1.5740383727,0.454666666349,1.42517566363
579,0.383508414018,1.57027970197,0.457000000636,1.42626791922
580,0.382994463394,1.57258922381,0.457666667302,1.42053725052
581,0.382211856737,1.5725147337,0.462333333492,1.43288289515
582,0.383220290174,1.57226488479,0.460666667302,1.42490872447
583,0.383076228286,1.5718254426,0.45866666762,1.41967728837
584,0.382118411157,1.57433745255,0.470666667144,1.41668439102
585,0.382394854296,1.57380730429,0.461666667461,1.43687333997
586,0.384209255817,1.57012890338,0.45466666762,1.42568196551
587,0.381530482767,1.57294437643,0.460000000795,1.43021533712
588,0.383224183744,1.57221669547,0.454,1.4354947319
589,0.383952280493,1.57220157681,0.449333334049,1.43759087054
590,0.382531129119,1.57179749036,0.46233333381,1.42931843026
591,0.383442223443,1.572132296,0.455666666985,1.44092905204
592,0.383068441146,1.5716795038,0.459333333333,1.42793097464
593,0.382503874134,1.57208740707,0.456,1.42405396589
594,0.382301408738,1.57263514942,0.453999999682,1.43042332109
595,0.382659616783,1.57202928593,0.465000000954,1.4153316927
596,0.383613540297,1.57322688466,0.46166666762,1.42472263114
597,0.381421462915,1.57241774955,0.46566666762,1.42335656643
598,0.384232617205,1.56994934793,0.464000000795,1.41887427648
599,0.384065193916,1.57076917597,0.459666666667,1.42556596756
600,0.383189141677,1.57040882738,0.455333333333,1.41684864362
601,0.382472725619,1.57062261637,0.453333333015,1.44570505428
602,0.385077520931,1.56971224794,0.460666704476,1.42352071047
603,0.385250241387,1.56904963863,0.461333333015,1.42294144948
604,0.383773176472,1.56978846674,0.453333333333,1.44774661732
605,0.385233263573,1.56852921766,0.46866666762,1.41600811132
606,0.383157993135,1.57219287419,0.446000000954,1.44021155262
607,0.384415614788,1.56986355508,0.453000000159,1.43037379805
608,0.382901017818,1.57096043178,0.461666667144,1.42593452326
609,0.383893877023,1.56934813608,0.458333334287,1.42445934677
610,0.382597319713,1.5696979287,0.447666666985,1.45201595879
611,0.384100235984,1.56973062172,0.462666666985,1.4283228267
612,0.384423401939,1.57049539639,0.460000000954,1.42707557519
613,0.383305948613,1.57210150327,0.465666666667,1.42942413839
614,0.384847800568,1.56945466428,0.459333333333,1.43209113789
615,0.384318275682,1.56886680414,0.459666667461,1.42492359575
616,0.384076874588,1.57061905045,0.464,1.42009899584
617,0.384283233565,1.56940579388,0.465666667144,1.42405880706
618,0.38404572606,1.56873480258,0.466,1.42071553453
619,0.384291020711,1.56962945284,0.45733333381,1.43598399671
620,0.383411074908,1.57004888359,0.468000000477,1.41632837772
621,0.383263119444,1.56928202277,0.462666666985,1.42341222
622,0.383224183761,1.56918690942,0.467,1.4124737107
623,0.383520094736,1.56916886626,0.457333334446,1.42293125089
624,0.38459471881,1.56753693772,0.457000000954,1.43176313432
625,0.383317629311,1.56967624433,0.465333334287,1.42686094093
626,0.386319568335,1.56830862257,0.458333334287,1.42267871094
627,0.385124243709,1.56789812001,0.467666666349,1.42001000563
628,0.383921131982,1.56964100054,0.462666666985,1.42102033838
629,0.383551243243,1.569973499,0.460333334287,1.43497167142
630,0.383847154245,1.56952735159,0.462333333969,1.4285436271
631,0.384076874601,1.57055652191,0.469333333969,1.42192388916
632,0.384244297925,1.569762411,0.460000000636,1.42232939275
633,0.385065840234,1.56743405971,0.457666667461,1.41995187918
634,0.384061300331,1.56846661956,0.465000000795,1.41872512563
635,0.383909451268,1.56897321127,0.465666667302,1.42506721052
636,0.384808864915,1.56811483243,0.468000000477,1.41588790544
637,0.384902310485,1.56825153953,0.449,1.43782569758
638,0.385447409663,1.56791555161,0.454,1.42531329886
639,0.385241050653,1.56756388585,0.464666666826,1.41790342013
640,0.384466231158,1.56788208921,0.470000000318,1.41393737157
641,0.384470124734,1.56934520712,0.459666666826,1.42750177701
642,0.385735533474,1.56706097666,0.460000000795,1.41959970697
643,0.386533714428,1.56665978601,0.459,1.41768057632
644,0.385634300816,1.56776626989,0.460333334049,1.42426472346
645,0.384411721202,1.56696565488,0.461333334287,1.4199670194
646,0.38450906039,1.56593837988,0.464666666826,1.42232766819
647,0.386062592994,1.5679733026,0.465666667144,1.4127953167
648,0.383971748362,1.56696728776,0.463999999841,1.41511111736
649,0.385174860052,1.56683200191,0.458333333333,1.42052966245
650,0.384723206463,1.56788879551,0.464333333015,1.41469342995
651,0.384497379665,1.5666761505,0.464666666428,1.41622597663
652,0.385353964071,1.56771242165,0.46866666762,1.41800602468
